prompt_id,prompt,output,time_s,tokens,tok_per_sec
1,What is the role of self-attention in transformer models for natural language processing?,"

The role of self-attention in natural language processing is a central issue in the field of natural language processing. The self-attention model is a generalization of the attention model, which is a generalization of the attention model for visual attention. The attention model is a generalization of the attention model for auditory attention. The attention model is a generalization of the attention model for visual attention. The attention model is a generalization of the attention model for auditory attention. The attention model is a generalization of the attention model for visual attention. The attention model is a generalization of the attention model for auditory attention. The attention model is a generalization of the attention model for visual attention. The attention model is a generalization",17.16777777671814,150,8.737298557267009
2,Explain the significance of residual connections in deep neural networks like ResNet.,"

What is the difference between a deep neural network and a convolutional neural network?

Deep neural networks are a type of neural network that uses a large number of layers to perform a task. Convolutional neural networks are a type of neural network that uses a small number of layers to perform a task.

What is the difference between a deep neural network and a convolutional neural network?

Deep neural networks are a type of neural network that uses a large number of layers to perform a task. Convolutional neural networks are a type of neural network that uses a small number of layers to perform a task.

What is the difference between a deep neural network and a convolutional neural network?
",13.963783502578735,150,10.742074307604312
3,How does BERT differ from GPT in its pre-training objectives and downstream task applications?,"

BERT is a more flexible and flexible training system than GPT. It is designed to be used in a variety of settings, including:

Training for the military, law enforcement, and security forces

Training for the general public

Training for the military, law enforcement, and security forces Training for the general public Training for the military, law enforcement, and security forces

BERT is designed to be used in a variety of settings, including:

Training for the military, law enforcement, and security forces

Training for the general public

Training for the military, law enforcement, and security forces Training for the military, law enforcement, and security forces

BERT is designed to be used in",10.650314807891846,150,14.08409072460943
